,Itemset,Itemset Support,Rule Antecedent,Rule Consequent,Rule Confidence,Rule Lift
0,"frozenset({'Paris Scarano', 'BIOL', 'HSC S129'})",0.0103831891223733,"frozenset({'Paris Scarano', 'BIOL'})",frozenset({'HSC S129'}),1.0,96.30952380952381
1,"frozenset({'ARTS 137', 'THEA', '0'})",0.017058096415327566,"frozenset({'THEA', '0'})",frozenset({'ARTS 137'}),0.26335877862595425,13.484636196733987
2,"frozenset({'ARTS 106', 'ARTH'})",0.012330456226880395,frozenset({'ARTH'}),frozenset({'ARTS 106'}),0.78125,41.142451298701296
3,"frozenset({'ARTS 137', 'THEA'})",0.017799752781211372,frozenset({'THEA'}),frozenset({'ARTS 137'}),0.2647058823529412,13.553611317944899
4,"frozenset({'CHEM', 'HSC S211', '16', '0'})",0.013503560029462312,"frozenset({'CHEM', '16', '0'})",frozenset({'HSC S211'}),0.5612244897959183,41.56122448979592
5,"frozenset({'BC 117', 'ECON'})",0.012577065351418002,frozenset({'ECON'}),frozenset({'BC 117'}),0.3669064748201439,11.998433511255511
6,"frozenset({'EAP', 'COM PRES'})",0.014833127317676144,frozenset({'EAP'}),frozenset({'COM PRES'}),0.28169014084507044,18.679288847841146
7,"frozenset({'HSC S3A', 'PSYC'})",0.019491734517641253,frozenset({'PSYC'}),frozenset({'HSC S3A'}),0.434065934065934,19.122491638795985
8,"frozenset({'MUS 111', 'MUS'})",0.015782983970406905,frozenset({'MUS'}),frozenset({'MUS 111'}),0.4129032258064516,23.582008178100864
9,"frozenset({'HSC S3A', '0', '24'})",0.011330049261083743,"frozenset({'0', '24'})",frozenset({'HSC S3A'}),0.3357664233576642,14.98034811903425
10,"frozenset({'ARTS 106', '0', 'ARTH'})",0.012083847102342787,"frozenset({'0', 'ARTH'})",frozenset({'ARTS 106'}),0.7777777777777778,40.95959595959596
11,"frozenset({'CHEM', 'HSC S211', '0'})",0.013503560029462312,"frozenset({'CHEM', '0'})",frozenset({'HSC S211'}),0.26190476190476186,19.395238095238092
12,"frozenset({'Paris Scarano', 'HSC S129'})",0.0103831891223733,frozenset({'Paris Scarano'}),frozenset({'HSC S129'}),1.0,96.30952380952381
13,"frozenset({'EAP', '0', 'COM PRES'})",0.014833127317676144,"frozenset({'EAP', '0'})",frozenset({'COM PRES'}),0.2830188679245283,18.767398700896997
14,"frozenset({'HSC S3A', 'PSYC', '0'})",0.017517887984209227,"frozenset({'PSYC', '0'})",frozenset({'HSC S3A'}),0.41764705882352937,18.399168797953962
15,"frozenset({'MUS', 'MUS 111', '0'})",0.015782983970406905,"frozenset({'MUS', '0'})",frozenset({'MUS 111'}),0.4129032258064516,23.582008178100864
16,"frozenset({'HSC S211', '16', 'CHEM'})",0.013503560029462312,"frozenset({'16', 'CHEM'})",frozenset({'HSC S211'}),0.5555555555555555,41.14141414141414
17,"frozenset({'EAP', 'COM PRES', '18'})",0.014833127317676144,"frozenset({'EAP', '18'})",frozenset({'COM PRES'}),0.7692307692307692,51.00882723833543
18,"frozenset({'HSC S211', 'CHEM'})",0.013503560029462312,frozenset({'CHEM'}),frozenset({'HSC S211'}),0.25700934579439255,19.032710280373834
19,"frozenset({'HSC S3A', 'PSYC', '24'})",0.011576354679802956,"frozenset({'PSYC', '24'})",frozenset({'HSC S3A'}),0.8245614035087719,36.78812415654521
20,"frozenset({'EAP', '0', 'COM PRES', '18'})",0.014833127317676144,"frozenset({'EAP', '0', '18'})",frozenset({'COM PRES'}),0.7692307692307692,51.00882723833543
21,"frozenset({'HSC S3A', 'PSYC', '0', '24'})",0.010591133004926109,"frozenset({'PSYC', '0', '24'})",frozenset({'HSC S3A'}),0.826923076923077,36.89349112426036
22,"frozenset({'HSC S3A', '24'})",0.012315270935960592,frozenset({'24'}),frozenset({'HSC S3A'}),0.3333333333333333,14.87179487179487
